{"name":"f4e4243b-5730-4f20-a1c1-6e32e2670712","id":"/providers/Microsoft.Flow/flows/f4e4243b-5730-4f20-a1c1-6e32e2670712","type":"Microsoft.Flow/flows","properties":{"apiId":"/providers/Microsoft.PowerApps/apis/shared_logicflows","displayName":"Flujo Extraccion de Informacion PDF","definition":{"metadata":{"workflowEntityId":null,"processAdvisorMetadata":null,"flowChargedByPaygo":null,"flowclientsuspensionreason":"None","flowclientsuspensiontime":null,"flowclientsuspensionreasondetails":null,"creator":{"id":"d3625295-1958-4d0e-a1b0-4eec408325a1","type":"User","tenantId":"46aade5b-3d3f-4fe7-9f60-5886dd800bef"},"provisioningMethod":"FromDefinition","failureAlertSubscription":true,"clientLastModifiedTime":"2024-08-18T21:48:26.1997952Z","connectionKeySavedTimeKey":"2024-08-18T21:48:26.1997952Z"},"$schema":"https://schema.management.azure.com/providers/Microsoft.Logic/schemas/2016-06-01/workflowdefinition.json#","contentVersion":"1.0.0.0","parameters":{"$connections":{"defaultValue":{},"type":"Object"},"$authentication":{"defaultValue":{},"type":"SecureObject"}},"triggers":{"When_a_new_email_arrives_(V3)":{"splitOn":"@triggerOutputs()?['body/value']","metadata":{"Id::AQMkADliYzFmNDZmLTg2MDctNDY3MS1hZTU4LWZlNGMzOGY1OTZhZAAuAAADQPR_Cwd4p0m9oezsAFcPrXQBAH4bS9ild5JHp1keafFDgbAAAAIBDAAAAA==":"Bandeja de entrada","operationMetadataId":"bd5f9a0d-f3c8-41bd-94ca-aa9c277fc717"},"type":"OpenApiConnectionNotification","inputs":{"host":{"apiId":"/providers/Microsoft.PowerApps/apis/shared_office365","connectionName":"shared_office365","operationId":"OnNewEmailV3"},"parameters":{"folderPath":"Id::AQMkADliYzFmNDZmLTg2MDctNDY3MS1hZTU4LWZlNGMzOGY1OTZhZAAuAAADQPR_Cwd4p0m9oezsAFcPrXQBAH4bS9ild5JHp1keafFDgbAAAAIBDAAAAA==","includeAttachments":true,"importance":"Any","fetchOnlyWithAttachment":true},"authentication":"@parameters('$authentication')"}}},"actions":{"Apply_to_each":{"foreach":"@triggerOutputs()?['body/attachments']","actions":{"Get_Attachment_(V2)":{"runAfter":{},"metadata":{"operationMetadataId":"f62e6c82-b689-453d-b541-22b72e5c667b"},"type":"OpenApiConnection","inputs":{"host":{"apiId":"/providers/Microsoft.PowerApps/apis/shared_office365","connectionName":"shared_office365","operationId":"GetAttachment_V2"},"parameters":{"messageId":"@triggerOutputs()?['body/id']","attachmentId":"@items('Apply_to_each')?['id']"},"authentication":"@parameters('$authentication')"}},"Condition":{"actions":{"Extract_information_from_documents":{"runAfter":{},"metadata":{"operationMetadataId":"55d3f7b7-cd98-47cc-9215-4ed45f080dae","flowSystemMetadata":{"portalOperationId":"aibuilderpredict_formsprocessing","portalOperationGroup":"aibuilder","portalOperationApiDisplayNameOverride":"AI Builder","portalOperationIconOverride":"https://content.powerapps.com/resource/makerx/static/pauto/images/designeroperations/aiBuilderNew.51dbdb6b.png","portalOperationBrandColorOverride":"#0A76C4","portalOperationApiTierOverride":"Standard"}},"type":"OpenApiConnection","inputs":{"host":{"apiId":"/providers/Microsoft.PowerApps/apis/shared_commondataserviceforapps","connectionName":"shared_commondataserviceforapps","operationId":"aibuilderpredict_formsprocessing"},"parameters":{"recordId":"a1b59466-123a-47dc-8991-d19243b7a06a","item/requestv2/mimeType":"application/pdf","item/requestv2/base64Encoded":"@outputs('Get_Attachment_(V2)')?['body/contentBytes']"},"authentication":"@parameters('$authentication')"}},"Apply_to_each_2":{"foreach":"@outputs('Extract_information_from_documents')?['body/responsev2/predictionOutput/tables/Tabla_Principal/entries']","actions":{"Add_a_row_into_a_table":{"runAfter":{},"metadata":{"01PR4HO2SSBN7QDIYDDRBKOBPDGIGKILGO":"/InformacionFacturas.xlsx","operationMetadataId":"813f1fe4-2f6d-455c-ba55-bcbd499286a3","tableId":"{C81B365A-B8A6-4F31-AC85-2D7E0A3CEEF9}"},"type":"OpenApiConnection","inputs":{"host":{"apiId":"/providers/Microsoft.PowerApps/apis/shared_excelonlinebusiness","connectionName":"shared_excelonlinebusiness","operationId":"AddRowV2"},"parameters":{"source":"sites/ibrcompe.sharepoint.com,4d349626-cb4b-4513-9404-b2744d73f030,900ad61b-d346-49cd-90fe-df0e0d7d3191","drive":"b!JpY0TUvLE0WUBLJ0TXPwMBvWCpBG081JkP7fDg19MZEvslrq04taR4pehTcct9gJ","file":"01PR4HO2SSBN7QDIYDDRBKOBPDGIGKILGO","table":"{C81B365A-B8A6-4F31-AC85-2D7E0A3CEEF9}","item/Mes":"@outputs('Extract_information_from_documents')?['body/responsev2/predictionOutput/labels/Mes_Documento/text']","item/Nro Recibo":"@outputs('Extract_information_from_documents')?['body/responsev2/predictionOutput/labels/N_Documento/text']","item/Descripcion":"@items('Apply_to_each_2')?['Descripcion/text']","item/Cantidad":"@items('Apply_to_each_2')?['Cantidad/value']","item/Monto":"@items('Apply_to_each_2')?['Monto_Total/value']","item/Importe":"@items('Apply_to_each_2')?['Importe/value']","item/Fecha emision":"@outputs('Extract_information_from_documents')?['body/responsev2/predictionOutput/labels/Fecha_Emision/text']","item/Fecha vencimiento":"@outputs('Extract_information_from_documents')?['body/responsev2/predictionOutput/labels/Fecha_Vencimiento/text']"},"authentication":"@parameters('$authentication')"}}},"runAfter":{"Extract_information_from_documents":["Succeeded"]},"metadata":{"operationMetadataId":"c823b75e-ed76-44d5-b80d-b9c87a0c11db"},"type":"Foreach"}},"runAfter":{"Get_Attachment_(V2)":["Succeeded"]},"expression":{"equals":["@outputs('Get_Attachment_(V2)')?['body/contentType']","application/pdf"]},"metadata":{"operationMetadataId":"20b9d66c-3c43-4ba0-bba5-4bb7ec9c1033"},"type":"If"}},"runAfter":{},"metadata":{"operationMetadataId":"65252a4f-df6d-4128-9d8c-6ed9af90f858"},"type":"Foreach"}},"outputs":{}},"connectionReferences":{"shared_office365":{"connectionName":"shared-office365-f3b0e58e-5395-42f0-8131-ec5a9138edce","source":"Embedded","id":"/providers/Microsoft.PowerApps/apis/shared_office365","tier":"NotSpecified"},"shared_commondataserviceforapps":{"connectionName":"shared-commondataser-c41a4e8a-3f81-4cad-8f7c-5186a6ba50db","source":"Embedded","id":"/providers/Microsoft.PowerApps/apis/shared_commondataserviceforapps","tier":"NotSpecified"},"shared_excelonlinebusiness":{"connectionName":"shared-excelonlinebu-ef523cec-4297-4568-b895-6802e71fe0c7","source":"Embedded","id":"/providers/Microsoft.PowerApps/apis/shared_excelonlinebusiness","tier":"NotSpecified"}},"flowFailureAlertSubscribed":false,"isManaged":false}}